{
  "users": [
    {
      "id": "1",
      "username": "john_nit",
      "password": "john@11",
      "email": "john@gmail.com"
    },
    {
      "id": "d453",
      "username": "sam_hyd",
      "password": "sam@11",
      "email": "samson@outlook.com"
    }
  ],
  "appointments": [
    {
      "id": "1",
      "title": "Meeting with client",
      "description": "attend meeting with client @ 5:00 PM",
      "date": "2025-04-10",
      "username": "john_nit"
    },
    {
      "id": "2",
      "title": "Birthday Party",
      "description": "Collect gift for party",
      "date": "2025-04-03",
      "username": "sam_hyd"
    },
    {
      "id": "4dfd",
      "title": "Project KT",
      "description": "Prepare project documents",
      "date": "2025-04-15",
      "username": "sam_hyd"
    }
  ]
}